"job_role","job_level","location","actual_base","actual_start_date","time_to_fill","base_low","base_mid","base_high","currency"
,"E1","North America",360000,"2026-07-21",3,,,,"USD"
,"E1","North America",325000,"2026-07-21",22,,,,"USD"
"TAM (IC)","IC4","Europe",120000,"2026-08-04",24,83300,119000,142800,"EUR"
"Renewals (IC)","IC3","Europe",73200,"2026-07-21",28,51240,73200,87840,"EUR"
"Software Engineer (IC)","IC4","North America",300000,"2026-06-23",3,165900,237000,284400,"USD"
"Engineering (M)","M8","North America",350000,"2026-06-02",2,269500,385000,462000,"USD"
"TAM (IC)","IC4","North America",170000,"2026-05-12",2,111300,159000,190800,"USD"
"Marketing (IC)","IC6","Europe",130000,"2026-07-14",8,81900,117000,140400,"EUR"
"Marketing (IC)","IC6","Australia",301600,"2026-06-16",8,211120,301600,361920,"AUD"
"Channel Sales (IC)","IC5","Europe",142200,"2026-06-16",24,99540,142200,170640,"EUR"
,"IC3","North America",,"2026-08-01",51,,,,"USD"
,"IC4","North America",158000,"2026-05-27",30,,,,"USD"
,"E1","North America",325000,"2026-05-12",0,,,,"USD"
,"IC7","North America",350000,"2026-04-28",7,,,,"USD"
"Software Engineer (IC)","IC5","North America",350000,"2026-06-02",2,175350,250500,300600,"USD"
"BDR (IC)","IC1","Australia",2520000,"2026-06-02",46,61250,87500,105000,"AUD"
,,"Australia",225000,"2026-04-21",8,,,,"AUD"
"Data Engineering (M)","M5","North America",315000,"2026-04-28",0,150500,215000,258000,"USD"
,"IC5","North America",,"2026-07-07",86,,,,"USD"
"Software Engineer (IC)","IC5","North America",250000,"2026-05-27",0,175350,250500,300600,"USD"
"Security Engineering (IC)","IC3","North America",235000,"2026-05-12",42,170100,243000,291600,"USD"
,"M6","North America",320000,"2026-03-10",2,,,,"USD"
"Solutions Engineer (IC)","IC4","Europe",157500,"2026-07-21",77,91875,131250,157500,"EUR"
"IT (IC)","IC4","North America",163000,"2026-07-21",68,114100,163000,195600,"USD"
"Software Engineer (IC)","IC5","North America",350000,"2026-06-16",1,175350,250500,300600,"USD"
"People (IC)","IC4","North America",175000,"2026-05-05",55,132650,189500,227400,"USD"
"Security Engineering (IC)","IC4","North America",215000,"2026-04-14",32,199150,284500,341400,"USD"
"AE Mid-Enterprise (IC)","IC3","North America",89000,"2026-06-09",86,50750,72500,87000,"USD"
"Executive Admin (IC)","IC4","North America",155000,"2026-02-24",2,113400,162000,194400,"USD"
"Support (IC)","IC4","North America",155000,"2026-04-14",51,94500,135000,162000,"USD"
"AE Strategic (IC)","IC6","North America",,"2026-07-07",,105000,150000,180000,"USD"
"Sales Enablement (IC)","IC7","North America",180000,"2026-02-09",2,167300,239000,286800,"USD"
"Solutions Engineer (IC)","IC4","North America",251250,"2026-05-19",83,128100,183000,219600,"USD"
"Solutions Engineer (M)","M6","North America",260000,"2026-02-09",6,169575,242250,290700,"USD"
"IT (IC)","IC2","North America",90000,"2026-03-03",7,76300,109000,130800,"USD"
,"IC4","Europe",290000,"2026-02-24",,,,,"EUR"
"AE Corporate Sales, Overlay (IC)","IC4","North America",175000,"2026-07-07",1,88200,126000,151200,"USD"
"Executive Admin (IC)","IC3","North America",110000,"2026-04-28",44,104300,149000,178800,"USD"
"Legal (IC)","IC4","North America",200000,"2026-05-05",50,151900,217000,260400,"USD"
"Deal Desk (IC)","IC3","North America",135000,"2026-05-12",65,90300,129000,154800,"USD"
"AE Mid-Enterprise, Strategic (M)","M6","North America",215000,"2026-03-03",28,134400,192000,230400,"USD"
"Engineering (M)","M5","Europe",150000,"2026-02-24",8,137200,196000,235200,"EUR"
"Solutions Engineer (IC)","IC3","Japan",262500,"2026-04-07",42,7944300,11349000,13618800,"JPY"
"Support (M)","M5","North America",172845,"2026-02-01",,142800,204000,244800,"USD"
"TAM (IC)","IC4","North America",230400,"2026-02-09",13,111300,159000,190800,"USD"
"TAM (IC)","IC4","North America",230400,"2026-04-14",56,111300,159000,190800,"USD"
"AE Mid-Enterprise, Strategic (M)","M4","North America",,"2026-08-03",28,91000,130000,156000,"USD"
"AE Corporate Sales, Overlay (IC)","IC2","Australia",108675,"2026-02-01",8,,,,"AUD"
"Solutions Engineer (IC)","IC3","Europe",119339.81,"2026-03-02",,81375,116250,139500,"EUR"
"Solutions Engineer (IC)","IC4","Europe",191250,"2026-06-30",31,91875,131250,157500,"EUR"
"Solutions Engineer (IC)","IC4","North America",,"2026-08-04",59,128100,183000,219600,"USD"
"Solutions Engineer (IC)","IC4","North America",198750,"2026-05-12",58,128100,183000,219600,"USD"
"Solutions Engineer (IC)","IC5","North America",231000,"2026-05-05",32,141750,202500,243000,"USD"
"Solutions Engineer (IC)","IC4","Europe",135000,"2026-06-16",2,91875,131250,157500,"EUR"
"Solutions Engineer (IC)","IC4","Europe",131250,"2026-06-30",9,91875,131250,157500,"EUR"
"TAM (IC)","IC4","North America",170000,"2026-05-05",5,111300,159000,190800,"USD"
"TAM (IC)","IC4","Europe",135000,"2026-07-21",68,83300,119000,142800,"EUR"
"TAM (IC)","IC4","Japan",8750000,"2026-06-02",63,9800000,14000000,16800000,"JPY"
"Renewals (M)","M4","Europe",114000,"2026-05-01",64,82320,117600,141120,"EUR"
"Renewals (IC)","IC3","Europe",,"2026-09-22",,51240,73200,87840,"EUR"
"Renewals (IC)","IC3","North America",105000,"2026-05-05",38,69300,99000,118800,"USD"
"Renewals (IC)","IC3","North America",126600,"2026-05-19",34,69300,99000,118800,"USD"
"Renewals (IC)","IC3","Europe",,"2026-09-01",,51240,73200,87840,"EUR"
"Renewals (IC)","IC3","Europe",105000,"2026-05-19",7,51240,73200,87840,"EUR"
"BDR (IC)","IC1","North America",59500,"2026-06-02",39,,,,"USD"
"Sales Ops","IC4","Europe",100000,"2026-03-31",33,77000,110000,132000,"EUR"
"Sales Ops","IC4","North America",155000,"2026-04-28",60,108500,155000,186000,"USD"
"AE Strategic (IC)","IC6","Australia",225000,"2026-03-24",28,154700,221000,265200,"AUD"
"Deal Desk (IC)","IC4","North America",160000,"2026-05-27",49,106400,152000,182400,"USD"
,"IC5","Australia",175000,"2026-02-03",6,,,,"AUD"
"Sales Ops","IC4","North America",175000,"2026-06-30",50,108500,155000,186000,"USD"
,"IC7","North America",200000,"2026-04-28",65,,,,"USD"
"Accounting (IC)","IC5","North America",150000,"2026-07-07",55,112700,161000,193200,"USD"
"AE Strategic (IC)","IC5","Europe",125000,"2026-05-11",86,91700,131000,157200,"EUR"
,"IC5","Europe",122000,"2026-03-10",2,,,,"EUR"
"AE Strategic (IC)","IC5","Europe",122500,"2026-02-09",6,91700,131000,157200,"EUR"
"AE Strategic (IC)","IC6","North America",165000,"2026-04-21",64,105000,150000,180000,"USD"
"AE Strategic (IC)","IC6","North America",165000,"2026-03-17",26,105000,150000,180000,"USD"
"AE Strategic (IC)","IC6","North America",175000,"2026-02-24",15,105000,150000,180000,"USD"
"AE Mid-Enterprise (IC)","IC4","Europe",82200,"2026-05-12",13,62300,89000,106800,"EUR"
"AE Mid-Enterprise (IC)","IC4","Europe",89000,"2026-04-21",40,62300,89000,106800,"EUR"
"AE Mid-Enterprise (IC)","IC4","North America",72500,"2026-05-12",27,63000,90000,108000,"USD"
"AE Mid-Enterprise (IC)","IC4","North America",85000,"2026-06-23",76,63000,90000,108000,"USD"
"AE Mid-Enterprise (IC)","IC4","North America",85000,"2026-06-23",83,63000,90000,108000,"USD"
"AE Mid-Enterprise (IC)","IC4","North America",,"2026-07-07",6,63000,90000,108000,"USD"
"AE Mid-Enterprise (IC)","IC4","North America",148000,"2026-05-12",31,63000,90000,108000,"USD"
"AE Mid-Enterprise (IC)","IC4","North America",100000,"2026-04-28",16,63000,90000,108000,"USD"
"AE Strategic (IC)","IC6","North America",192500,"2026-04-07",57,105000,150000,180000,"USD"
"AE Strategic (IC)","IC6","North America",180000,"2026-04-14",59,105000,150000,180000,"USD"
"AE Strategic (IC)","IC6","North America",225000,"2026-02-09",7,105000,150000,180000,"USD"
"Solutions Architect (IC)","IC6","North America",310000,"2026-03-31",26,171500,245000,294000,"USD"
"Solutions Architect (IC)","IC6","North America",300000,"2026-04-07",54,171500,245000,294000,"USD"
"Channel Sales (IC)","IC5","North America",228240,"2026-03-31",22,112980,161400,193680,"USD"
"Channel Sales (IC)","IC4","Europe",164500,"2026-05-19",37,87360,124800,149760,"EUR"
"Channel Sales (IC)","IC4","Japan",14100000,"2026-06-30",111,,,,"JPY"
"Channel Sales (IC)","IC4","Europe",108000,"2026-04-28",40,87360,124800,149760,"EUR"
"Channel Sales (IC)","IC4","Europe",102000,"2026-05-12",39,87360,124800,149760,"EUR"
"Support Tooling (IC)","IC4","North America",201000,"2026-06-16",36,147000,210000,252000,"USD"
"Support (IC)","IC3","North America",165000,"2026-06-23",57,76300,109000,130800,"USD"
"Support (IC)","IC3","North America",260000,"2026-05-05",27,76300,109000,130800,"USD"
"Technical Program Manager Eng (IC)","IC5","North America",220000,"2026-04-21",61,152600,218000,261600,"USD"
,"IC5","North America",250000,"2026-03-10",24,,,,"USD"
,"IC4","Europe",130000,"2026-02-24",20,,,,"EUR"
,"M7","North America",350000,"2026-02-10",1,,,,"USD"
"Product Manager (IC)","IC5","North America",270000,"2026-03-17",75,169400,242000,290400,"USD"
"Software Engineer (IC)","IC3","Europe",,"2026-07-21",,78750,112500,135000,"EUR"
"Software Engineer (IC)","IC5","Europe",152000,"2026-08-04",8,115500,165000,198000,"EUR"
"Engineering (M)","M5","Europe",160000,"2026-05-05",46,137200,196000,235200,"EUR"
"Software Engineer (IC)","IC3","Europe",120000,"2026-02-24",4,78750,112500,135000,"EUR"
"BDR (IC)","IC1","Australia",105000,"2026-03-31",55,61250,87500,105000,"AUD"
"BDR (IC)","IC1","North America",62300,"2026-02-03",4,,,,"USD"
"BDR (IC)","IC1","Europe",63000,"2026-04-14",49,36260,51800,62160,"EUR"
"BDR (M)","M4","North America",140000,"2026-03-17",44,108780,155400,186480,"USD"
,"IC5","North America",180000,"2025-12-16",2,,,,"USD"
"Sales Enablement (IC)","IC3","North America",160000,"2026-04-14",40,97300,139000,166800,"USD"
"Sales Enablement (M)","M5","North America",206000,"2025-12-01",,134400,192000,230400,"USD"
"TAM (IC)","IC4","North America",184000,"2026-02-03",26,111300,159000,190800,"USD"
"Renewals (IC)","IC3","Australia",120000,"2026-02-09",39,76860,109800,131760,"AUD"
,"IC6","North America",450000,"2026-05-12",0,,,,"USD"
"Engineering (M)","M5","North America",334750,"2026-01-01",13,231600,289500,347400,"USD"
"Software Engineer (IC)","IC5","North America",325000,"2026-03-31",87,200400,250500,300600,"USD"
"Software Engineer (IC)","IC5","North America",300000,"2026-05-05",18,200400,250500,300600,"USD"
,"IC4","North America",275000,"2026-06-16",112,,,,"USD"
"Customer Experience Engineer (IC)","IC3","North America",133488,"2026-03-16",55,98000,140000,168000,"USD"
"Customer Experience Engineer (IC)","IC3","North America",7500000,"2026-04-07",50,98000,140000,168000,"USD"
"TAM (M)","M6","North America",225000,"2026-01-21",14,154000,220000,264000,"USD"
"Solutions Engineer (IC)","IC4","North America",195000,"2026-06-08",175,128100,183000,219600,"USD"
"Solutions Engineering (IC)","IC4","Europe",139725,"2026-02-01",77,0,129750,0,"EUR"
"Software Engineer (IC)","IC6","North America",350000,"2026-01-13",13,203000,290000,348000,"USD"
,"IC6","North America",273750,"2026-01-06",6,,,,"USD"
"Solutions Engineering (M)","M6","North America",337500,"2026-01-27",33,0,240000,0,"USD"
"Software Engineer (IC)","IC4","North America",270000,"2026-02-24",65,165900,237000,284400,"USD"
"Software Engineer (IC)","IC6","North America",255000,"2026-03-17",0,203000,290000,348000,"USD"
"Software Engineer (IC)","IC4","North America",290000,"2026-03-31",76,165900,237000,284400,"USD"
"Software Engineer (IC)","IC4","North America",230000,"2026-03-03",72,165900,237000,284400,"USD"
"Software Engineer (IC)","IC4","North America",230000,"2026-04-21",114,165900,237000,284400,"USD"
"Engineering (M)","M5","North America",300000,"2026-05-19",2,202650,289500,347400,"USD"
"Software Engineer (IC)","IC5","North America",240000,"2026-06-30",46,175350,250500,300600,"USD"
,"IC3","North America",235000,"2026-03-17",76,,,,"USD"
,"IC3","North America",235000,"2026-03-03",0,,,,"USD"
"Software Engineer (IC)","IC2","North America",283000,"2026-01-21",2,104300,149000,178800,"USD"
"Data Engineering (IC)","IC6","North America",348000,"2026-02-03",0,172900,247000,296400,"USD"
,"IC3","North America",250000,"2026-06-09",159,,,,"USD"
"Engineering (M)","M5","North America",340000,"2026-06-23",0,202650,289500,347400,"USD"
"AE Enterprise","IC4","Europe",120000,"2026-01-07",23,86000,107500,129000,"EUR"
"TAM (IC)","IC3","North America",155000,"2026-05-05",138,96600,138000,165600,"USD"
"Software Engineer (IC)","IC5","North America",300000,"2026-03-31",98,200400,250500,300600,"USD"
"Software Engineer (IC)","IC4","North America",240000,"2026-01-13",28,165900,237000,284400,"USD"
"Data Engineering (IC)","IC6","North America",380000,"2026-04-21",135,182000,260000,312000,"USD"
,"IC3","North America",130000,"2026-01-13",30,,,,"USD"
"Business Development Representative (IC)","IC2","North America",84000,"2026-01-06",27,56000,70000,84000,"USD"
"Product Manager (IC)","IC7","North America",320000,"2025-12-02",4,228000,285000,342000,"USD"
"Data Engineering (M)","M6","North America",325000,"2026-01-06",31,195200,244000,292800,"USD"
"Software Engineer (IC)","IC5","North America",255000,"2026-02-18",57,200400,250500,300600,"USD"
,"IC4","North America",260000,"2026-04-07",89,,,,"USD"
"Security Engineering (IC)","IC4","Europe",350000,"2026-05-05",82,118860,169800,203760,"EUR"
"Recruiting (IC)","IC5","North America",160000,"2026-01-27",1,141050,201500,241800,"USD"
"Product Manager (IC)","IC5","North America",270000,"2026-02-24",4,169400,242000,290400,"USD"
"Software Engineer (IC)","IC4","North America",240000,"2026-03-24",34,189600,237000,284400,"USD"
"Software Engineer (IC)","IC4","North America",258000,"2026-05-12",12,189600,237000,284400,"USD"
"Product Manager (IC)","IC5","North America",265000,"2026-01-13",2,169400,242000,290400,"USD"
,,"North America",285000,"2026-03-16",78,,,,"USD"
"Sales Enablement (IC)","IC6","Europe",150000,"2026-02-03",54,105000,150000,180000,"EUR"
,"E2","North America",450000,"2026-01-13",51,,,,"USD"
"Software Engineer (IC)","IC6","North America",240000,"2026-03-17",1,203000,290000,348000,"USD"
"Growth & Renewals (IC)","IC3","North America",79200,"2025-11-01",,84337,105422,126506,"USD"
"AE Mid-Enterprise, Strategic (M)","M6","North America",230000,"2025-12-02",9,134400,192000,230400,"USD"
"AE Strategic (IC)","IC6","North America",167500,"2026-02-03",92,105000,150000,180000,"USD"
"Support (M)","M7","North America",280000,"2026-01-13",46,188300,269000,322800,"USD"
"Software Engineer (IC)","IC5","North America",290000,"2026-01-06",24,175350,250500,300600,"USD"
"Engineering (M)","M5","North America",300000,"2026-04-07",77,202400,253000,303600,"USD"
"Software Engineer (IC)","IC4","North America",230000,"2026-02-10",67,189600,237000,284400,"USD"
"Engineering (M)","M7","North America",350000,"2025-11-18",1,247100,353000,423600,"USD"
"AE Mid-Enterprise (IC)","IC3","Europe",80000,"2025-12-09",13,47950,68500,82200,"EUR"
"AE Mid-Enterprise, Strategic (M)","M6","North America",200000,"2025-11-04",15,134400,192000,230400,"USD"
"Engineering (M)","M6","North America",400000,"2026-03-17",106,218750,312500,375000,"USD"
,"IC5","Europe",120000,"2025-12-09",22,,,,"EUR"
"AE Mid-Enterprise (IC)","IC3","North America",95000,"2026-02-18",111,50750,72500,87000,"USD"
"IT (IC)","IC3","North America",144200,"2025-11-01",2,94850,135500,162600,"USD"
,"IC4","North America",180000,"2026-01-06",11,,,,"USD"
"Engineering (M)","M6","North America",350000,"2025-12-09",2,218750,312500,375000,"USD"
"Software Engineer (IC)","IC4","North America",250000,"2026-05-19",160,165900,237000,284400,"USD"
"Software Engineer (IC)","IC4","North America",260000,"2026-01-27",89,165900,237000,284400,"USD"
"Software Engineer (IC)","IC4","Europe",165000,"2026-08-25",203,99050,141500,169800,"EUR"
"Software Engineer (IC)","IC5","North America",340000,"2026-02-03",115,200400,250500,300600,"USD"
"Product Manager (IC)","IC6","North America",320000,"2026-01-13",22,210400,263000,315600,"USD"
"Software Engineer (IC)","IC5","Europe",155000,"2026-01-13",35,115500,165000,198000,"EUR"
"Engineering (M)","M6","North America",325000,"2025-12-02",33,218750,312500,375000,"USD"
"Recruiting Operations (IC)","IC2","North America",90000,"2025-11-11",30,79800,114000,136800,"USD"
,"IC5","North America",295000,"2025-11-04",18,,,,"USD"
"Solutions Engineering (IC)","IC4","North America",240000,"2025-11-18",30,0,195000,0,"USD"
"Strategic Finance (IC)","IC4","North America",225000,"2025-12-16",50,144800,181000,217200,"USD"
"Software Engineer (IC)","IC5","North America",275000,"2026-03-03",126,175350,250500,300600,"USD"
,"IC5","Europe",1341000,"2025-12-09",9,,,,"EUR"
"Software Engineer (IC)","IC6","North America",300000,"2026-04-07",57,232000,290000,348000,"USD"
"Software Engineer (IC)","IC6","North America",300000,"2025-12-02",21,203000,290000,348000,"USD"
,"IC6",,210000,"2025-12-02",45,,,,
,,"North America",257500,"2025-10-07",10,,,,"USD"
,"IC5","North America",250000,"2025-12-02",16,,,,"USD"
,"IC5","North America",250000,"2025-12-02",16,,,,"USD"
"Business Development Representative (IC)","IC2","Europe",59500,"2025-11-04",41,46480,58100,69720,"EUR"
"Renewals (IC)","IC3","North America",99000,"2025-10-01",21,69300,99000,118800,"USD"
,"IC6","North America",94420,"2026-06-01",102,,,,"USD"
"Product Manager (IC)","IC6","North America",300000,"2026-07-07",0,184100,263000,315600,"USD"
,"IC7","North America",400000,"2026-01-26",0,,,,"USD"
"Business Development Representative (IC)","IC2","North America",80500,"2025-12-16",88,56000,70000,84000,"USD"
,"IC3","Europe",72450,"2025-09-01",,,,,"EUR"
"AE Mid-Enterprise (IC)","IC3","Europe",85000,"2025-11-11",39,47950,68500,82200,"EUR"
"Data Engineering (M)","M8","North America",350000,"2025-10-14",,0,0,0,"USD"
"Sales Ops","IC4","North America",160450,"2025-10-28",39,108500,155000,186000,"USD"
"Software Engineer (IC)","IC5","North America",257500,"2025-10-28",44,200400,250500,300600,"USD"
,"IC3","North America",94420,"2025-02-01",,,,,"USD"
,"E1","North America",385000,"2025-09-09",,,,,"USD"
"People Ops (IC)","IC1","North America",76000,"2025-11-01",1,63000,90000,108000,"USD"
,"IC3","North America",210000,"2026-02-03",41,,,,"USD"
"AE Strategic","IC5","Europe",141932.5,"2025-10-21",44,111200,139000,166800,"EUR"
,"IC3","North America",82500,"2025-12-02",71,,,,"USD"
"Growth & Renewals (IC)","IC3","North America",96000,"2025-09-01",18,84337,105422,126506,"USD"
,"IC5","Europe",138714.46,"2025-10-28",5,,,,"EUR"
"Software Engineer (IC)","IC6","Europe",200000,"2025-09-09",14,144000,180000,216000,"EUR"
,"M5","North America",320000,"2026-01-27",4,,,,"USD"
"Product Design (IC)","IC4","North America",230000,"2025-12-09",101,151900,217000,260400,"USD"
"Sales Ops","IC4","Europe",110000,"2025-12-16",75,77000,110000,132000,"EUR"
"Product Marketing (IC)","IC6","North America",220000,"2026-02-18",140,144200,206000,247200,"USD"
"Software Engineer (IC)","IC6","North America",280000,"2026-04-07",0,203000,290000,348000,"USD"
"Software Engineer (IC)","IC4","North America",260000,"2026-01-06",35,165900,237000,284400,"USD"
"Software Engineer (IC)","IC4","North America",250000,"2026-01-06",33,165900,237000,284400,"USD"
"Solutions Engineering (IC)","IC4","North America",210000,"2025-09-30",28,0,195000,0,"USD"
,,"North America",284900,"2025-10-07",4,,,,"USD"
"Sales Enablement (IC)","IC3","North America",190000,"2025-09-08",25,97300,139000,166800,"USD"
,"IC4","North America",170000,"2025-10-14",45,,,,"USD"
,"IC3","North America",160000,"2025-12-09",79,,,,"USD"
"Business Development Representative (IC)","IC1","North America",68600,"2026-01-06",50,47600,59500,71400,"USD"
"Business Development Representative (IC)","IC1","North America",70000,"2025-12-16",40,47600,59500,71400,"USD"
"Software Engineer (IC)","IC4","Europe",104072.57,"2025-09-02",,113200,141500,169800,"EUR"
,"IC7","North America",216000,"2025-09-30",29,,,,"USD"
"Sales Enablement (M)","M5","North America",200000,"2025-08-01",14,134400,192000,230400,"USD"
,"IC6","North America",275000,"2025-07-29",3,,,,"USD"
,"IC4","North America",263000,"2025-11-11",79,,,,"USD"
,,,279813,"2025-08-05",5,,,,
"Product Manager (IC)","IC7","North America",,"2026-06-30",,199500,285000,342000,"USD"
"Software Engineer (IC)","IC4","Europe",112500,"2026-03-24",164,99050,141500,169800,"EUR"
"Channel Sales (IC)","IC5","North America",186000,"2025-09-08",44,112980,161400,193680,"USD"
"Software Engineer (IC)","IC5","North America",234300,"2025-07-08",3,200400,250500,300600,"USD"
"Engineering (M)","M5","North America",309000,"2025-09-30",0,231600,289500,347400,"USD"
"Solutions Engineering (M)","M6","North America",220000,"2025-07-15",0,0,240000,0,"USD"
"Payroll (IC)","IC4","North America",144000,"2025-08-19",32,105000,150000,180000,"USD"
"Product Manager (IC)","IC4","North America",220000,"2025-07-29",6,176000,220000,264000,"USD"
"AE Enterprise (IC)","IC5","Australia",230000,"2025-11-18",56,0,211500,0,"AUD"
,"M8","North America",345050,"2025-08-05",,,,,"USD"
"Detection & Response (IC)","IC4","North America",287000,"2025-07-29",7,156450,223500,268200,"USD"
"Software Engineer (IC)","IC6","North America",250000,"2025-09-09",,203000,290000,348000,"USD"
"Software Engineer (IC)","IC4","North America",207983,"2025-08-01",0,189600,237000,284400,"USD"
"Executive Admin (IC)","IC3","North America",,"2025-07-21",28,104300,149000,178800,"USD"
"Product Manager (IC)","IC4","North America",169533,"2025-08-01",41,176000,220000,264000,"USD"
"People (M)","M5","North America",198000,"2025-05-01",,163100,233000,279600,"USD"
"Software Engineer (IC)","IC3","North America",224400,"2025-07-29",34,162000,202500,243000,"USD"
"Software Engineer (IC)","IC3","North America",95000,"2025-08-12",25,162000,202500,243000,"USD"
"Software Engineer (IC)","IC3","North America",95000,"2025-09-16",18,162000,202500,243000,"USD"
"Engineering (M)","M4","Europe",168500,"2025-09-16",78,128400,160500,192600,"EUR"
"Engineering (M)","M4","North America",366684.16,"2025-09-09",56,205600,257000,308400,"USD"
"Software Engineer (IC)","IC7","North America",350000,"2025-07-15",26,256000,320000,384000,"USD"
"Software Engineer (IC)","IC5","North America",226600,"2025-07-08",6,200400,250500,300600,"USD"
"Data Engineering (IC)","IC5","North America",294700,"2025-07-08",6,190400,238000,285600,"USD"
"Security Engineering (M)","M7","North America",380000,"2025-10-13",1,296450,423500,508200,"USD"
,"IC7","North America",339900,"2025-07-08",5,,,,"USD"
"Software Engineer (IC)","IC3","North America",203940,"2025-07-15",27,141750,202500,243000,"USD"
"Software Engineer (IC)","IC5","North America",241500,"2025-06-03",4,200400,250500,300600,"USD"
"Solutions Engineering (M)","M6","North America",340200,"2025-06-03",2,0,240000,0,"USD"
"Product Manager (IC)","IC6","North America",300000,"2025-11-11",172,210400,263000,315600,"USD"
"People Ops (IC)","IC5","North America",159000,"2025-09-03",93,0,0,0,"USD"
"People (IC)","IC5","North America",215000,"2025-05-28",2,143150,204500,245400,"USD"
"Compliance (IC)","IC4","North America",181500,"2025-10-13",9,128800,184000,220800,"USD"
"Product Manager (IC)","IC4","North America",286000,"2025-08-19",74,176000,220000,264000,"USD"
"Marketing (IC)","IC4","North America",193800,"2025-07-08",44,115500,165000,198000,"USD"
"Marketing (IC)","IC5","North America",178500,"2025-07-08",43,142100,203000,243600,"USD"
"People (IC)","IC4","Europe",110000,"2025-05-13",1,77000,110000,132000,"EUR"
"Accounting (IC)","IC4","North America",152000,"2025-08-19",99,105000,150000,180000,"USD"
"Compliance (IC)","IC4","North America",250000,"2025-07-01",56,128800,184000,220800,"USD"
"Security Engineering (IC)","IC4","North America",275000,"2025-05-20",2,199150,284500,341400,"USD"
"Software Engineer (IC)","IC5","North America",150000,"2026-03-17",269,175350,250500,300600,"USD"
"Software Engineer (IC)","IC4","North America",218400,"2025-07-15",45,168000,210000,252000,"USD"
"Software Engineer (IC)","IC5","North America",170000,"2025-06-10",36,196000,245000,294000,"USD"
"Security Engineering (IC)","IC4","Europe",145600,"2025-07-01",0,118860,169800,203760,"EUR"
"Detection & Response (IC)","IC4","North America",318000,"2025-07-15",86,156450,223500,268200,"USD"
"Marketing (IC)","IC6","North America",231188,"2025-09-30",50,165600,207000,248400,"USD"
"Executive Admin (IC)","IC3","North America",185000,"2025-07-15",10,104300,149000,178800,"USD"
"Revenue Ops (IC)","IC3","North America",109200,"2025-04-22",17,96000,120000,144000,"USD"
"Solutions Engineering (IC)","IC5","Europe",139725,"2025-06-17",28,0,146250,0,"EUR"
"Marketing (IC)","IC6","North America",182438,"2025-08-05",89,165600,207000,248400,"USD"
,"IC7","North America",381500,"2025-03-25",6,,,,"USD"
"Security Engineering (IC)","IC4","North America",210200,"2025-05-06",39,199150,284500,341400,"USD"
,"IC4","North America",220000,"2025-07-08",85,,,,"USD"
"Security Engineering (IC)","IC4","Europe",141681,"2025-05-06",24,118860,169800,203760,"EUR"
,,"Europe",154224,"2025-02-13",,,,,"EUR"
,,"North America",210000,"2025-03-25",2,,,,"USD"
"AE Mid-market","IC3",,82500,"2025-03-11",15,,,,
"Software Engineer (IC)","IC4","Europe",128746.7,"2025-08-12",79,94400,118000,141600,"EUR"
,,"North America",172250,"2025-02-01",,,,,"USD"
"AE Mid-market","IC3","North America",99000,"2025-04-08",47,69400,86750,104100,"USD"
"Security Engineering (IC)","IC4","North America",285000,"2025-05-13",29,199150,284500,341400,"USD"
,"IC5","Europe",100000,"2025-05-06",56,,,,"EUR"
"AE Velocity","IC2","Japan",7900000,"2025-05-01",91,4088000,5110000,6132000,"JPY"
"Customer Success Manager (IC)","IC5","North America",200000,"2025-04-22",57,160000,200000,240000,"USD"
"Sales Enablement (IC)","IC2","North America",225000,"2025-03-01",0,77000,110000,132000,"USD"
"Solutions Engineering (IC)","IC4","Australia",309000,"2025-04-22",58,0,284100,0,"AUD"
"Solutions Engineering (IC)","IC4","Europe",119339.81,"2025-03-25",33,0,129750,0,"EUR"
"AE Enterprise","IC4","Australia",7985399.92,"2025-05-28",76,130400,163000,195600,"AUD"
"Revenue Ops (IC)","IC3","North America",119025,"2025-03-11",43,96000,120000,144000,"USD"
,"IC5","North America",230000,"2025-05-13",79,,,,"USD"
"Solutions Engineering (IC)","IC5","North America",210375,"2025-03-18",45,0,210375,0,"USD"
"Recruiting (IC)","IC4","North America",181125,"2025-01-02",1,127400,182000,218400,"USD"
"AE Strategic","IC6","North America",180250,"2025-04-29",95,132800,166000,199200,"USD"
"Revenue Ops (M)","M4","North America",176000,"2025-02-11",48,119000,170000,204000,"USD"
"Payroll (IC)","IC3","North America",120000,"2025-01-07",30,88900,127000,152400,"USD"
"AE Enterprise","IC4","Japan",252000,"2025-01-22",23,8880000,11100000,13320000,"JPY"
,"IC4","Europe",207675,"2025-05-06",80,,,,"EUR"
"AE Enterprise","IC4","North America",150000,"2025-01-14",12,96000,120000,144000,"USD"
"AE Enterprise","IC4","Japan",252000,"2025-01-14",17,8880000,11100000,13320000,"JPY"
"AE Enterprise","IC4","Japan",252000,"2025-01-07",17,8880000,11100000,13320000,"JPY"
"Systems & Enablement (IC)","IC4","North America",191450,"2024-11-05",17,120800,151000,181200,"USD"
,,"North America",150000,"2024-12-03",37,,,,"USD"
"Customer Success Manager (IC)","IC5","Europe",154224,"2025-01-14",52,113600,142000,170400,"EUR"
"Data Engineering (IC)","IC4","Europe",119025,"2025-03-04",66,100000,125000,150000,"EUR"
"AE Enterprise","IC4","North America",150000,"2025-01-22",87,96000,120000,144000,"USD"
"Systems & Enablement (IC)","IC4","North America",216720,"2025-01-07",80,120800,151000,181200,"USD"
"AE Mid-market","IC3","North America",107772.38,"2025-03-01",31,69400,86750,104100,"USD"
,"IC5","North America",205000,"2024-12-17",84,,,,"USD"
"Software Engineer (IC)","IC5","North America",229350,"2025-06-10",3,200400,250500,300600,"USD"
"Systems & Enablement (IC)","IC4","North America",182437,"2024-12-03",64,120800,151000,181200,"USD"
,"IC5","North America",200000,"2024-12-10",68,,,,"USD"
"Sales Ops","IC4","North America",160000,"2024-10-29",10,108500,155000,186000,"USD"
"Solutions Architect (IC)","IC5","North America",185000,"2025-02-19",49,152600,218000,261600,"USD"
"Revenue Ops (IC)","IC2","North America",99360,"2024-10-01",8,80000,100000,120000,"USD"
,"IC6","Australia",324000,"2025-02-01",,,,,"AUD"
"Deal Desk (M)","M6","North America",263125,"2025-03-18",93,164500,235000,282000,"USD"
"Customer Success Manager (IC)","IC5","North America",155000,"2025-01-07",48,160000,200000,240000,"USD"
,"IC4","North America",175950,"2024-12-10",16,,,,"USD"
,"IC5","North America",181125,"2024-12-10",52,,,,"USD"
"Campaign Manager (M)","M5","North America",210000,"2025-05-20",78,153600,192000,230400,"USD"
"Deal Desk (IC)","IC4","Europe",105000,"2024-12-17",62,74200,106000,127200,"EUR"
"Customer Success Manager (IC)","IC5","Europe",567000,"2025-02-04",69,113600,142000,170400,"EUR"
"Sales Ops","IC4","Europe",105000,"2025-01-07",71,77000,110000,132000,"EUR"
"People (IC)","IC4","North America",198000,"2025-07-01",,132650,189500,227400,"USD"
"Customer Success Manager Scale (IC)","IC4","North America",100000,"2024-09-01",,104000,130000,156000,"USD"
,"IC4","North America",187775,"2024-11-12",37,,,,"USD"
,"IC7","North America",300000,"2024-12-10",66,,,,"USD"
"Accounting (IC)","IC3","North America",180000,"2025-01-22",100,90300,129000,154800,"USD"
,"IC2","North America",167890,"2024-09-24",19,,,,"USD"
"AE Enterprise","IC3","North America",150000,"2025-01-07",106,77600,97000,116400,"USD"
"Sales (M)","M6","North America",168000,"2025-02-01",0,157108,196386,235663,"USD"
,"IC4","North America",170000,"2024-11-05",38,,,,"USD"
,"IC5","North America",220000,"2024-09-24",19,,,,"USD"
,,"North America",355000,"2024-12-17",154,,,,"USD"
,,"North America",137500,"2024-09-24",60,,,,"USD"
"Finance (IC)","IC4","North America",190000,"2024-08-20",30,124250,177500,213000,"USD"
"Software Engineer (IC)","IC4","North America",254222,"2024-07-23",2,168000,210000,252000,"USD"
"Customer Success Manager (IC)","IC5","Europe",137693.41,"2024-09-24",47,113600,142000,170400,"EUR"
"Customer Success Manager (IC)","IC5","Europe",145000,"2024-09-10",65,113600,142000,170400,"EUR"
"Data Analyst (IC)","IC3","North America",185000,"2024-08-20",34,123200,154000,184800,"USD"
"AE Enterprise","IC4","North America",150000,"2024-08-27",10,96000,120000,144000,"USD"
"Customer Success Manager (IC)","IC5","Japan",19482515.76,"2024-08-27",30,11730320,14662900,17595480,"JPY"
,"M6","North America",265200,"2024-07-09",10,,,,"USD"
"People (IC)","IC3","North America",130810,"2024-11-19",129,102900,147000,176400,"USD"
"AE Velocity","IC2","North America",82500,"2024-07-23",4,44800,56000,67200,"USD"
"Systems & Enablement (M)","M6","North America",275000,"2024-07-30",0,170400,213000,255600,"USD"
"AE Enterprise","IC4","North America",162000,"2024-07-16",0,96000,120000,144000,"USD"
"Growth & Renewals (IC)","IC3","North America",111000,"2024-09-04",51,84337,105422,126506,"USD"
"AE Enterprise","IC4","North America",150000,"2024-06-18",0,96000,120000,144000,"USD"
"Sales Enablement (M)","M5","North America",200000,"2024-06-18",19,134400,192000,230400,"USD"
"AE Velocity","IC2","North America",65000,"2024-06-11",1,44800,56000,67200,"USD"
"AE Enterprise","IC4","North America",150000,"2024-09-10",52,96000,120000,144000,"USD"
"AE Strategic","IC6","North America",180250,"2025-02-04",240,132800,166000,199200,"USD"
"Channel Sales (IC)","IC5","Europe",898853.76,"2024-07-23",39,98313,122892,147470,"EUR"
"Systems & Enablement (IC)","IC4","North America",150000,"2024-07-30",15,120800,151000,181200,"USD"
"Deal Desk (IC)","IC3","North America",158100,"2024-07-09",52,92800,116000,139200,"USD"
"Sales (M)","M6","North America",200000,"2024-06-18",46,157108,196386,235663,"USD"
"Manager, Channel Sales","M4","North America",126000,"2024-10-22",159,,,,"USD"
"Business Development Representative","IC1","North America",726141.32,"2024-06-01",47,39776,49720,59664,"USD"
"Business Development Representative","IC1","North America",79200,"2024-06-04",0,39776,49720,59664,"USD"
"Support (IC)","IC4","Europe",105000,"2024-09-17",94,66500,95000,114000,"EUR"
"Sales (M)","M6","North America",228000,"2024-04-16",,157108,196386,235663,"USD"
"Sales (M)","M5","North America",160000,"2024-05-01",10,138795,173494,208193,"USD"
"Systems & Enablement (IC)","IC5","North America",229500,"2024-07-23",50,136800,171000,205200,"USD"
"Data Engineering (IC)","IC4","North America",206000,"2024-09-24",88,172000,215000,258000,"USD"
"AE Enterprise","IC4","Australia",187500,"2024-04-30",4,130400,163000,195600,"AUD"
"Technical Program Manager Eng (IC)","IC4","Europe",115000,"2024-06-18",58,100000,125000,150000,"EUR"
"AE Enterprise","IC4","Australia",252000,"2024-05-29",1,130400,163000,195600,"AUD"
"Systems & Enablement (M)","M5","North America",232875,"2024-06-11",53,140000,175000,210000,"USD"
"Ops Assistant (IC)","IC3","North America",60000,"2024-10-15",54,72800,104000,124800,"USD"
"Revenue Ops (M)","M7","North America",300000,"2024-06-18",68,205600,257000,308400,"USD"
"Sales Enablement (IC)","IC4","North America",206000,"2024-10-15",26,120400,172000,206400,"USD"
"AE Mid-market","IC3","Europe",167400,"2024-04-30",39,72000,90000,108000,"EUR"
"Solutions Engineering (IC)","IC4","North America",200850,"2024-05-14",71,0,195000,0,"USD"
"Sales (M)","M6","North America",200000,"2024-05-07",59,157108,196386,235663,"USD"
"AE Velocity","IC3","North America",89100,"2024-06-18",0,61200,76500,91800,"USD"
"Sales (M)","M5","North America",160000,"2024-04-02",5,138795,173494,208193,"USD"
"AE Strategic","IC5","Europe",184680,"2024-08-06",131,111200,139000,166800,"EUR"
"AE Velocity","IC3","North America",102000,"2024-05-14",73,61200,76500,91800,"USD"
"AE Enterprise","IC5","North America",155000,"2024-10-08",200,112400,140500,168600,"USD"
"Sales Enablement (IC)","IC4","North America",200000,"2024-05-07",60,120400,172000,206400,"USD"
"AE Enterprise","IC5","North America",150000,"2024-06-25",0,112400,140500,168600,"USD"
"AE Velocity","IC3","North America",76500,"2024-05-14",60,61200,76500,91800,"USD"
"AE Enterprise","IC5","Europe",252000,"2024-07-09",66,92800,116000,139200,"EUR"
"AE Velocity","IC3","North America",82500,"2024-05-14",0,61200,76500,91800,"USD"
"Channel Sales (IC)","IC5","North America",240000,"2024-07-30",48,129639,162048,194458,"USD"
"Solutions Engineering (IC)","IC4","Europe",14407200,"2024-08-06",124,0,129750,0,"EUR"
"AE Velocity","IC3","Europe",3000000,"2024-05-07",38,55600,69500,83400,"EUR"
"AE Velocity","IC3","Australia",128500,"2024-05-07",60,83200,104000,124800,"AUD"
"Solutions Engineering (IC)","IC4","North America",195000,"2024-05-17",77,0,195000,0,"USD"
"AE Velocity","IC3","North America",93000,"2024-04-01",42,61200,76500,91800,"USD"
"Sales (M)","M6","North America",200000,"2024-05-07",37,157108,196386,235663,"USD"
"AE Velocity","IC3","North America",96000,"2025-12-09",0,61200,76500,91800,"USD"
"Sales (M)","M5","Europe",294000,"2024-03-19",14,94458,118072,141687,"EUR"
"AE Mid-market","IC3","Europe",100800,"2024-05-07",39,72000,90000,108000,"EUR"
"AE Enterprise","IC5","North America",150000,"2024-06-18",77,112400,140500,168600,"USD"
"Solutions Engineering (IC)","IC4","Europe",146250,"2024-08-13",161,0,129750,0,"EUR"
"AE Enterprise","IC5","North America",150000,"2024-04-30",62,112400,140500,168600,"USD"
"Sales (M)","M6","North America",257500,"2024-06-04",87,157108,196386,235663,"USD"
"Solutions Engineering (IC)","IC4","North America",210375,"2024-08-06",141,0,195000,0,"USD"
"AE Enterprise","IC5","Europe",138500,"2024-07-09",84,92800,116000,139200,"EUR"
"AE Velocity","IC3","North America",65000,"2024-05-14",60,61200,76500,91800,"USD"
"AE Strategic","IC5","Europe",225000,"2024-04-01",0,111200,139000,166800,"EUR"
"AE Velocity","IC3","North America",100000,"2024-03-01",35,61200,76500,91800,"USD"
"AE Velocity","IC3","North America",70200,"2025-04-01",61,61200,76500,91800,"USD"
"Solutions Engineering (IC)","IC4","North America",220800,"2024-05-07",65,0,195000,0,"USD"
"AE Enterprise","IC5","North America",160000,"2024-02-27",2,112400,140500,168600,"USD"
"AE Mid-market","IC3","North America",108500,"2024-03-19",15,69400,86750,104100,"USD"
"AE Velocity","IC3","Europe",70200,"2024-04-01",34,55600,69500,83400,"EUR"
"Solutions Engineering (IC)","IC4","North America",216686,"2024-04-30",59,0,195000,0,"USD"
"Solutions Engineering (IC)","IC4","North America",195000,"2024-04-16",22,0,195000,0,"USD"
"AE Enterprise","IC5","North America",150000,"2024-04-16",3,112400,140500,168600,"USD"
"Sales (M)","M6","Australia",336000,"2024-04-30",51,,,,"AUD"
"AE Velocity","IC3","North America",82500,"2024-04-30",52,61200,76500,91800,"USD"
"Finance (M)","M5","North America",224700,"2024-07-23",116,150850,215500,258600,"USD"
"Data Engineering (M)","M5","North America",205000,"2024-06-04",74,150500,215000,258000,"USD"
"Product Marketing (IC)","IC5","North America",201000,"2024-07-30",113,148000,185000,222000,"USD"
"Marketing (IC)","IC4","North America",135000,"2024-04-16",37,124800,156000,187200,"USD"
"Marketing (M)","M6","North America",230000,"2024-05-14",59,154700,221000,265200,"USD"
"Marketing (IC)","IC3","North America",144200,"2024-04-30",38,100800,126000,151200,"USD"
"Product Marketing (IC)","IC5","North America",201000,"2024-05-29",51,148000,185000,222000,"USD"
"Product Marketing (IC)","IC5","North America",201000,"2024-05-21",63,148000,185000,222000,"USD"
"Customer Success Manager Scale (IC)","IC4","North America",135000,"2024-09-04",58,104000,130000,156000,"USD"
"Sustaining Engineer (IC)","IC3","North America",134160,"2024-09-01",56,109200,156000,187200,"USD"
"Support (IC)","IC4","North America",161460,"2024-06-25",45,94500,135000,162000,"USD"
"Legal (IC)","IC4","North America",226800,"2024-04-02",15,151900,217000,260400,"USD"
"Payroll (IC)","IC4","North America",128000,"2024-06-04",48,105000,150000,180000,"USD"
"People (IC)","IC5","North America",198000,"2024-04-23",51,143150,204500,245400,"USD"
"Solutions Engineering (IC)","IC3","North America",266509.06,"2024-04-16",14,0,172125,0,"USD"
"AE Strategic","IC5","North America",167510,"2024-07-16",137,122400,153000,183600,"USD"
"AE Enterprise","IC5","North America",150000,"2024-02-27",6,112400,140500,168600,"USD"
"Solutions Engineering (M)","M5","North America",225000,"2024-02-27",5,0,220500,0,"USD"
"Customer Success Manager Scale (IC)","IC4","North America",150000,"2024-03-05",7,104000,130000,156000,"USD"
"AE Strategic","IC5","North America",175000,"2024-07-30",139,122400,153000,183600,"USD"
"Sales (M)","M6","North America",200000,"2024-04-16",36,157108,196386,235663,"USD"
"AE Strategic","IC4","North America",165000,"2024-04-16",52,112400,140500,168600,"USD"
"Engineering (M)","M7","North America",500000,"2024-04-02",56,268800,336000,403200,"USD"
"AE Velocity","IC2","North America",82500,"2024-05-14",86,44800,56000,67200,"USD"
"Product Manager (IC)","IC5","North America",250000,"2024-05-14",77,193600,242000,290400,"USD"
"Support (IC)","IC3","Europe",99261,"2024-03-26",45,56700,81000,97200,"EUR"
"Support (IC)","IC3","North America",133488,"2024-03-26",42,76300,109000,130800,"USD"
"Support (IC)","IC4","North America",130853,"2024-04-01",49,94500,135000,162000,"USD"
"Support (M)","M4","North America",225550,"2024-01-17",3,137200,196000,235200,"USD"
"Accounting (M)","M4","North America",244596,"2024-01-17",8,112350,160500,192600,"USD"
"Security Engineering (IC)","IC6","North America",400000,"2024-04-02",76,243600,348000,417600,"USD"
,"IC5","North America",210000,"2024-05-01",,,,,"USD"
"AE Mid-market","IC3","North America",130000,"2024-03-12",50,69400,86750,104100,"USD"
"Customer Success Manager Scale (IC)","IC4","North America",140000,"2024-01-03",4,104000,130000,156000,"USD"
"Revenue Ops (M)","M5","Europe",185000,"2024-07-09",121,,,,"EUR"
"Solutions Engineering (IC)","IC4","North America",210375,"2024-01-17",15,0,195000,0,"USD"
"Business Development Representative","IC2","Europe",82782,"2024-01-30",36,51541,64426,77311,"EUR"
,,"North America",400000,"2024-04-12",123,,,,"USD"
"Business Development Representative","IC2","Europe",65543.52,"2024-01-17",38,51541,64426,77311,"EUR"
"Systems & Enablement (IC)","IC4","North America",180353,"2024-02-13",74,120800,151000,181200,"USD"
"IT (IC)","IC4","Europe",70000,"2024-01-30",36,71400,102000,122400,"EUR"
"Customer Success Manager (IC)","IC4","North America",180000,"2023-11-28",2,144000,180000,216000,"USD"
"Business Development Representative","IC1","North America",56000,"2023-11-14",1,39776,49720,59664,"USD"
"Security Engineering (M)","M5","North America",300000,"2024-02-21",75,243250,347500,417000,"USD"
"Accounting (M)","M5","North America",271805,"2024-01-09",50,138600,198000,237600,"USD"
"Sales (M)","M6","Europe",194400,"2024-01-30",50,130120,162651,195181,"EUR"
"Finance (IC)","IC3","North America",146500,"2023-12-19",36,102900,147000,176400,"USD"
"Software Engineer (IC)","IC5","North America",139000,"2024-01-09",24,196000,245000,294000,"USD"
"Software Engineer (IC)","IC4","North America",97000,"2024-04-02",128,168000,210000,252000,"USD"
"AE Enterprise","IC4","Europe",120000,"2024-01-03",57,86000,107500,129000,"EUR"
"Product Manager (IC)","IC6","North America",275000,"2024-04-23",98,199200,249000,298800,"USD"
"AE Mid-market","IC3","Europe",108000,"2024-01-03",40,72000,90000,108000,"EUR"
"Product Marketing (M)","M8","North America",350000,"2024-01-17",67,256800,321000,385200,"USD"
"Visual Design (IC)","IC4","North America",165000,"2023-12-05",30,134400,168000,201600,"USD"
"Business Development Representative","IC2","North America",70200,"2023-10-17",6,51541,64426,77311,"USD"
"Business Development Representative","IC2","North America",94420,"2023-10-17",7,51541,64426,77311,"USD"
"Channel Sales (IC)","IC4","Australia",256608,"2023-12-12",52,,,,"AUD"
"Customer Success Management (M)","M5","Australia",344835.15,"2024-01-09",57,226160,282700,339240,"AUD"
"Sales (M)","M4","North America",160000,"2023-10-31",30,116627,145783,174940,"USD"
"Deal Desk (IC)","IC4","North America",130000,"2023-10-24",21,117600,147000,176400,"USD"
"Software Engineer (IC)","IC4","North America",224000,"2024-02-27",134,168000,210000,252000,"USD"
"Data Engineering (IC)","IC4","North America",222525,"2023-12-05",42,143200,179000,214800,"USD"
"Manager, Sales","M8","North America",212500,"2024-02-27",145,,,,"USD"
"Sales Enablement (IC)","IC3","North America",148400,"2023-11-14",47,97300,139000,166800,"USD"
"Software Engineer (IC)","IC5","Europe",168099.91,"2024-02-27",70,108800,136000,163200,"EUR"
"Customer Success Management (M)","M5","Japan",19000000,"2024-02-06",82,12007360,15009200,18011040,"JPY"
"Customer Success Manager (IC)","IC6","North America",161400,"2023-10-03",1,188000,235000,282000,"USD"
"Customer Success Manager (IC)","IC5","North America",206000,"2023-11-28",32,160000,200000,240000,"USD"
"Customer Success Manager (IC)","IC5","North America",170000,"2023-12-19",55,160000,200000,240000,"USD"
"Support (IC)","IC5","North America",214200,"2023-09-12",9,103600,148000,177600,"USD"
"Customer Success Manager Scale (IC)","IC4","North America",183000,"2023-10-03",1,104000,130000,156000,"USD"
"Data Analyst (IC)","IC4","North America",175100,"2023-11-14",1,147200,184000,220800,"USD"
"Customer Success Manager (IC)","IC5","Europe",128000,"2023-11-07",50,113600,142000,170400,"EUR"
"Customer Success Manager (IC)","IC5","North America",164800,"2023-10-10",34,160000,200000,240000,"USD"
"Executive Admin (IC)","IC3","North America",140000,"2024-01-22",91,104300,149000,178800,"USD"
"Software Engineer (IC)","IC3","North America",194500,"2023-11-28",105,144000,180000,216000,"USD"
"AE Velocity","IC3","Japan",8250000,"2024-01-03",84,5732000,7165000,8598000,"JPY"
"AE Enterprise","IC4","Europe",120000,"2023-09-06",10,86000,107500,129000,"EUR"
"AE Enterprise","IC4","North America",150000,"2023-10-31",40,96000,120000,144000,"USD"
"AE Enterprise","IC4","North America",150000,"2023-10-31",39,96000,120000,144000,"USD"
"Business Development Representative","IC2","Europe",7900000,"2023-11-14",74,51541,64426,77311,"EUR"
"AE Velocity","IC2","North America",76500,"2023-09-20",11,44800,56000,67200,"USD"
"AE Velocity","IC2","North America",65000,"2023-09-20",9,44800,56000,67200,"USD"
"AE Strategic","IC4","North America",165000,"2023-10-31",43,112400,140500,168600,"USD"
"AE Velocity","IC3","North America",65000,"2023-11-01",47,61200,76500,91800,"USD"
"Sales (M)","M4","Europe",148500,"2024-01-01",,83373,104217,125060,"EUR"
"Solutions Engineering (IC)","IC4","Europe",1505250,"2024-09-04",216,0,129750,0,"EUR"
"Solutions Engineering (IC)","IC4","North America",202500,"2023-12-12",45,0,195000,0,"USD"
"Business Development Representative","IC2","North America",59500,"2023-10-31",55,51541,64426,77311,"USD"
"Business Development Representative","IC2","North America",96000,"2023-10-03",23,51541,64426,77311,"USD"
"Accounting (IC)","IC1","North America",87975,"2023-09-20",11,61600,88000,105600,"USD"
"Software Engineer (IC)","IC4","North America",303824.25,"2023-08-15",,168000,210000,252000,"USD"
"Software Engineer (IC)","IC4","North America",202800,"2024-05-21",218,165900,237000,284400,"USD"
"Product Design (M)","M4","North America",236900,"2024-03-19",80,189600,237000,284400,"USD"
"Product Manager (IC)","IC4","North America",140152,"2023-08-28",,160800,201000,241200,"USD"
"Product Manager (IC)","IC4","North America",225000,"2023-12-12",94,160800,201000,241200,"USD"
"Software Engineer (IC)","IC3","Europe",137281,"2024-01-30",52,75200,94000,112800,"EUR"
"Software Engineer (IC)","IC4","Europe",110726.13,"2024-02-06",60,94400,118000,141600,"EUR"
,"IC5","Europe",215000,"2024-01-17",137,,,,"EUR"
"Data Engineering (IC)","IC1","North America",115729,"2023-08-22",5,92000,115000,138000,"USD"
"Systems & Enablement (IC)","IC1","Europe",136500,"2023-08-22",0,38400,48000,57600,"EUR"
"Data Analyst (IC)","IC1","North America",93500,"2023-08-22",2,74400,93000,111600,"USD"
"Solutions Engineering (M)","M6","North America",238000,"2023-09-20",33,0,240000,0,"USD"
"Software Engineer (IC)","IC4","Europe",126657,"2023-10-10",43,94400,118000,141600,"EUR"
"Product Manager (IC)","IC6","North America",322954.44,"2023-09-20",23,199200,249000,298800,"USD"
"Solutions Engineering (IC)","IC1","North America",210375,"2023-08-22",9,0,101250,0,"USD"
"Engineering (M)","M4","North America",255000,"2024-01-03",54,190400,238000,285600,"USD"
"Product Design (M)","M5","North America",245000,"2023-10-17",57,175200,219000,262800,"USD"
"Software Engineer (IC)","IC4","North America",191000,"2023-08-01",,189600,237000,284400,"USD"
"Software Engineer (IC)","IC4","Europe",120846,"2024-01-17",81,94400,118000,141600,"EUR"
"Product Marketing (IC)","IC4","North America",215730,"2023-10-10",65,136000,170000,204000,"USD"
"Software Engineer (IC)","IC4","North America",201058,"2023-10-03",44,168000,210000,252000,"USD"
,"IC4",,110923,"2023-12-12",34,,,,
"Accounting (IC)","IC4","North America",169419.5,"2023-07-18",4,105000,150000,180000,"USD"
"Software Engineer (IC)","IC4","North America",280000,"2024-01-17",81,168000,210000,252000,"USD"
"Revenue Ops (IC)","IC4","Europe",452067,"2023-10-03",18,,,,"EUR"
,,"North America",161250,"2023-09-06",7,,,,"USD"
"Software Engineer (IC)","IC4","North America",131571,"2023-10-17",59,168000,210000,252000,"USD"
,,"Europe",70200,"2023-09-20",45,,,,"EUR"
"AE Enterprise","IC5","North America",140000,"2023-09-06",46,112400,140500,168600,"USD"
"AE Enterprise","IC4","Europe",105000,"2023-10-03",38,86000,107500,129000,"EUR"
"AE Strategic","IC5","North America",145000,"2023-11-14",137,122400,153000,183600,"USD"
"AE Velocity","IC2","North America",80000,"2023-09-06",23,44800,56000,67200,"USD"
"Software Engineer (IC)","IC4","Europe",110750,"2023-09-05",0,94400,118000,141600,"EUR"
"Product Design (IC)","IC4","North America",225000,"2023-12-05",49,173600,217000,260400,"USD"
"Systems & Enablement (IC)","IC6","North America",204000,"2023-08-29",54,151200,189000,226800,"USD"
"Finance (IC)","IC4","North America",145000,"2023-08-01",37,124250,177500,213000,"USD"
"Manager, Sales","M8","North America",255000,"2023-07-11",50,,,,"USD"
"Growth & Renewals Account Manager","IC3","North America",109725,"2023-06-06",22,,,,"USD"
"Account Executive","IC3","North America",88100,"2023-05-01",,,,,"USD"
"AE Velocity","IC3","North America",108500,"2023-05-01",,61200,76500,91800,"USD"
,"IC4","North America",200000,"2023-05-16",21,,,,"USD"
"Business Development Representative","IC1","North America",73500,"2023-05-31",8,39776,49720,59664,"USD"
"Business Development Representative","IC1","Europe",72450,"2023-06-21",0,45938,57423,68908,"EUR"
"Software Engineer (IC)","IC4","North America",211150,"2023-10-24",178,168000,210000,252000,"USD"
"AE Enterprise","IC4","North America",150000,"2023-04-18",4,96000,120000,144000,"USD"
"Data Engineer, BizOps","IC3","North America",169950,"2023-06-06",54,,,,"USD"
,"IC5","North America",290000,"2023-06-13",35,,,,"USD"
,,"North America",257000,"2023-04-04",0,,,,"USD"
"AE Enterprise","IC3","Europe",1400000,"2023-07-25",59,65200,81500,97800,"EUR"
,"M8","North America",367200,"2023-10-24",92,,,,"USD"
"Engineering (M)","M7","North America",357000,"2023-05-31",42,268800,336000,403200,"USD"
"Product Marketing, Director","M6","North America",250000,"2023-05-23",14,,,,"USD"
"Business Development Representative","IC1","North America",93000,"2023-05-31",36,39776,49720,59664,"USD"
"Business Development Representative","IC1","North America",130853,"2023-05-03",0,39776,49720,59664,"USD"
"AE Enterprise","IC4","North America",137500,"2023-03-21",8,96000,120000,144000,"USD"
,"M5","North America",204000,"2023-03-21",3,,,,"USD"
"Business Development Representative","IC1","North America",64400,"2023-05-09",4,39776,49720,59664,"USD"
"Engineering (M)","M4","North America",303400,"2023-06-27",31,190400,238000,285600,"USD"
,,"North America",260000,"2023-06-21",2,,,,"USD"
,,"Europe",122463.13,"2023-08-01",,,,,"EUR"
,,"North America",201096,"2023-11-01",91,,,,"USD"
,,"North America",150000,"2023-03-28",28,,,,"USD"
"Growth Marketing, Manager","M5","North America",195000,"2023-05-23",54,,,,"USD"
"Growth Marketer","IC5","North America",233200,"2023-07-11",83,,,,"USD"
"Product Marketer","IC5","North America",185000,"2023-06-06",53,,,,"USD"
"Data Analyst (IC)","IC4","North America",216300,"2023-05-31",77,128800,184000,220800,"USD"
,,"North America",454750,"2023-04-04",36,,,,"USD"
"Staffing Support","IC3","North America",116320,"2023-03-07",18,,,,"USD"
"Software Engineer","IC5","Europe",967207,"2023-03-14",0,,,,"EUR"
"Product Manager (IC)","IC4","Europe",100000,"2023-08-01",117,88200,126000,151200,"EUR"
,"IC4","North America",133250,"2023-05-09",72,,,,"USD"
"Growth Marketing, Director","M7","North America",310488,"2023-02-28",0,,,,"USD"
"Growth Marketer","IC4","North America",171000,"2023-04-04",29,,,,"USD"
"Growth Marketer","IC5","North America",180000,"2023-05-03",29,,,,"USD"
"Software Engineer (IC)","IC3","North America",192800,"2023-04-04",48,144000,180000,216000,"USD"
"Software Engineer (IC)","IC3","Europe",80000,"2024-01-03",247,75200,94000,112800,"EUR"
"Product Design (IC)","IC3","North America",216694,"2023-06-27",108,150800,188500,226200,"USD"
"Software Engineer (IC)","IC4","Europe",122400,"2023-10-10",138,94400,118000,141600,"EUR"
"Software Engineer (IC)","IC4","Europe",488000,"2023-10-03",72,94400,118000,141600,"EUR"
"Software Engineer (IC)","IC3","North America",234300,"2024-04-23",128,144000,180000,216000,"USD"
"Software Engineer (IC)","IC3","North America",250000,"2024-03-12",143,144000,180000,216000,"USD"
"Software Engineer (IC)","IC4","Europe",125608.42,"2023-10-03",151,94400,118000,141600,"EUR"
"Software Engineer (IC)","IC3","Europe",90000,"2023-12-19",221,75200,94000,112800,"EUR"
"Software Engineer (IC)","IC4","Europe",126396,"2023-07-11",57,94400,118000,141600,"EUR"
"Security Engineer","IC3","Europe",264323,"2023-08-15",109,,,,"EUR"
"Engineering (M)","M5","Europe",144200,"2023-06-06",41,123200,154000,184800,"EUR"
"Software Engineer (IC)","IC3","Europe",108734,"2023-12-05",161,75200,94000,112800,"EUR"
"Software Engineer (IC)","IC4","Europe",123189.81,"2023-11-07",226,94400,118000,141600,"EUR"
"Software Engineer (IC)","IC4","Europe",130000,"2024-01-03",151,94400,118000,141600,"EUR"
"Software Engineer (IC)","IC4","Europe",206000,"2023-05-09",36,94400,118000,141600,"EUR"
"Event Marketer, Director","M6","North America",286340,"2023-03-28",18,,,,"USD"
"Developer Relations (IC)","IC4","North America",200850,"2023-09-06",79,168000,210000,252000,"USD"
,"M6","Europe",180730,"2023-05-31",24,,,,"EUR"
"Marketing (IC)","IC5","North America",223819,"2023-09-06",39,151200,189000,226800,"USD"
,"IC6","North America",185000,"2023-07-11",35,,,,"USD"
"Sustaining Engineer","IC4","North America",212160,"2023-06-21",62,,,,"USD"
"Support (IC)","IC4","North America",172845,"2024-01-17",29,94500,135000,162000,"USD"
"Software Engineer (IC)","IC4","North America",248553.5,"2023-06-13",13,168000,210000,252000,"USD"
"Support (M)","M4","North America",200550,"2023-06-13",8,137200,196000,235200,"USD"
"Sustaining Engineer (IC)","IC3","North America",156750,"2024-01-30",35,109200,156000,187200,"USD"
,,"North America",183600,"2023-10-17",37,,,,"USD"
"Customer Success Operations (IC)","IC3","North America",164800,"2023-07-11",22,104800,131000,157200,"USD"
,,"North America",274544,"2023-02-14",0,,,,"USD"
"Solutions Architect (IC)","IC6","North America",231000,"2023-12-05",49,171500,245000,294000,"USD"
"Solutions Architect (IC)","IC4","North America",220500,"2024-06-25",169,131600,188000,225600,"USD"
"Customer Success Manager","IC4","North America",145000,"2023-04-04",19,,,,"USD"
"Solutions Architect (IC)","IC6","Europe",152921,"2023-12-19",48,119000,170000,204000,"EUR"
"Customer Success Manager","IC4","North America",125000,"2023-04-25",40,,,,"USD"
"Customer Success Management (M)","M4","North America",158000,"2023-09-20",3,132000,165000,198000,"USD"
,,"North America",128000,"2023-06-06",4,,,,"USD"
,,"North America",97850,"2023-08-01",2,,,,"USD"
,,"North America",93000,"2023-04-01",113,,,,"USD"
,,"Australia",12700000,"2023-10-03",93,,,,"AUD"
,,"North America",137550,"2023-03-28",0,,,,"USD"
"Growth & Renewals Account Manager","IC3","North America",126600,"2026-05-19",32,,,,"USD"
"Growth & Renewals (IC)","IC4","Australia",166860,"2023-09-20",5,147470,184337,221205,"AUD"
"Business Development Representative","IC1","North America",100000,"2023-04-12",0,39776,49720,59664,"USD"
"AE Velocity","IC2","Europe",55000,"2023-05-01",,42800,53500,64200,"EUR"
"AE Enterprise","IC4","Europe",90000,"2023-06-27",83,86000,107500,129000,"EUR"
,,"North America",150000,"2023-05-03",40,,,,"USD"
"AE Enterprise","IC3","North America",150000,"2023-05-31",49,77600,97000,116400,"USD"
"AE Enterprise","IC3","North America",130000,"2023-05-03",11,77600,97000,116400,"USD"
"AE Strategic","IC5","North America",165000,"2023-04-12",11,122400,153000,183600,"USD"
"AE Strategic","IC4","North America",180250,"2023-03-28",34,112400,140500,168600,"USD"
"AE Mid-market","IC3","North America",108500,"2023-05-01",34,69400,86750,104100,"USD"
"AE Mid-market","IC3","North America",172250,"2023-03-28",26,69400,86750,104100,"USD"
"AE Mid-market","IC3","Europe",80000,"2023-05-09",71,72000,90000,108000,"EUR"
"AE Mid-market","IC3","North America",106800,"2023-05-01",37,69400,86750,104100,"USD"
"AE Mid-market","IC3","North America",89000,"2023-03-28",24,69400,86750,104100,"USD"
"AE Mid-market","IC3","North America",130200,"2023-03-21",21,69400,86750,104100,"USD"
"AE Mid-market","IC3","Europe",73000,"2023-04-18",2,72000,90000,108000,"EUR"
"AE Mid-market","IC3","Australia",110000,"2023-05-03",40,94400,118000,141600,"AUD"
"AE Mid-market","IC3","Europe",100800,"2023-05-01",40,72000,90000,108000,"EUR"
"AE Enterprise","IC5","Europe",188835.3,"2023-06-01",77,92800,116000,139200,"EUR"
"Software Engineer (IC)","IC5","North America",373788,"2023-10-17",68,196000,245000,294000,"USD"
"Security Engineering (IC)","IC4","Europe",170000,"2024-01-03",57,112800,141000,169200,"EUR"
"Software Engineer","IC4","North America",314913,"2023-03-29",,,,,"USD"
"Software Engineer (IC)","IC4","Europe",243600,"2023-10-24",50,94400,118000,141600,"EUR"
"Product Design (IC)","IC4","North America",164800,"2023-08-29",171,139200,174000,208800,"USD"
"Data Engineering (IC)","IC4","Europe",95000,"2024-01-17",262,80000,100000,120000,"EUR"
"Software Engineer (IC)","IC3","Europe",95000,"2023-09-26",66,75200,94000,112800,"EUR"
"Engineering (M)","M4","North America",280900,"2023-08-08",45,190400,238000,285600,"USD"
"Software Engineer (IC)","IC3","North America",236555.77,"2023-09-12",78,144000,180000,216000,"USD"
"Software Engineer (IC)","IC4","North America",200850,"2023-08-15",4,168000,210000,252000,"USD"
"Software Engineer (IC)","IC5","North America",119335,"2023-08-22",51,196000,245000,294000,"USD"
"Software Engineer (IC)","IC3","North America",211150,"2023-08-08",92,144000,180000,216000,"USD"
"Software Engineer (IC)","IC5","Europe",108150,"2023-08-29",109,108800,136000,163200,"EUR"
"Software Engineer","IC3","North America",240000,"2023-08-08",153,,,,"USD"
"Product Marketing (M)","M8","North America",290000,"2023-09-12",169,256800,321000,385200,"USD"
,,"North America",325000,"2024-02-13",15,,,,"USD"
"Engineering (M)","M4","Europe",170975.63,"2023-10-03",26,96000,120000,144000,"EUR"
"Engineering (M)","M4","North America",270000,"2024-03-12",66,179900,257000,308400,"USD"
"Engineering (M)","M4","North America",255000,"2023-05-31",88,190400,238000,285600,"USD"
"Product Manager (IC)","IC4","Europe",190550,"2023-10-17",57,88200,126000,151200,"EUR"
,"IC4","Europe",230000,"2024-03-05",28,,,,"EUR"
"Software Engineer (IC)","IC4","North America",149485.36,"2024-01-03",86,168000,210000,252000,"USD"
"Software Engineer (IC)","IC5","North America",230010,"2023-08-01",43,196000,245000,294000,"USD"
"Product Manager (IC)","IC5","Europe",148000,"2023-05-03",18,108800,136000,163200,"EUR"
"Software Engineer (IC)","IC5","North America",375000,"2023-08-29",53,196000,245000,294000,"USD"
"Software Engineer (IC)","IC5","North America",132000,"2023-10-17",67,196000,245000,294000,"USD"
"Software Engineer (IC)","IC4","Europe",1300000,"2024-01-30",8,94400,118000,141600,"EUR"
"Product Design (IC)","IC4","Europe",184597,"2023-10-24",77,73600,92000,110400,"EUR"
"Software Engineer (IC)","IC4","North America",129600,"2024-01-09",81,168000,210000,252000,"USD"
"Product Design (IC)","IC4","North America",127500,"2023-11-07",70,173600,217000,260400,"USD"
"Software Engineer (IC)","IC2","Europe",108734,"2024-01-09",14,64800,81000,97200,"EUR"
"Technical Program Manager Eng (IC)","IC4","North America",195624,"2024-01-09",9,143150,204500,245400,"USD"
"Software Engineer (IC)","IC4","North America",280800,"2024-03-12",68,168000,210000,252000,"USD"
"Manager, Business Systems","M4","North America",185000,"2023-05-23",77,,,,"USD"
"Business Data (M)","M6","North America",307000,"2023-10-10",221,226400,283000,339600,"USD"
"Data Engineering (IC)","IC4","North America",204000,"2023-05-31",78,143200,179000,214800,"USD"
"Business Systems Analyst","IC4","North America",98560,"2023-02-16",0,,,,"USD"
,"IC4","North America",246000,"2023-05-16",35,,,,"USD"
"Detection & Response (IC)","IC4","Europe",217000,"2023-09-06",105,95200,136000,163200,"EUR"
,"IC4","North America",175100,"2023-05-16",33,,,,"USD"
"Finance (M)","M4","North America",189000,"2023-07-25",35,128800,184000,220800,"USD"
"Manager, Finance","M5","North America",210000,"2023-04-25",28,,,,"USD"
"HR Generalist","IC4","North America",150000,"2023-05-03",32,,,,"USD"
"Recruiter","IC3","North America",181125,"2025-01-02",0,,,,"USD"
,,"North America",350000,"2023-08-01",85,,,,"USD"
,"IC4","Europe",116617.44,"2023-05-16",74,,,,"EUR"
"Product Marketing (IC)","IC5","North America",222600,"2023-07-25",139,148000,185000,222000,"USD"
"Product Manager (IC)","IC4","North America",222500,"2023-05-31",50,160800,201000,241200,"USD"
"Software Engineer (IC)","IC4","North America",230000,"2023-12-12",291,168000,210000,252000,"USD"
"Software Engineer (IC)","IC5","Europe",112500,"2023-09-06",164,108800,136000,163200,"EUR"
"Software Engineer (IC)","IC3","Europe",134000,"2023-08-08",164,75200,94000,112800,"EUR"
"Product Marketing (IC)","IC4","North America",200000,"2023-06-13",114,136000,170000,204000,"USD"
"Software Engineer (IC)","IC4","Europe",111342,"2023-09-26",167,94400,118000,141600,"EUR"
"Product Manager","IC4","North America",215200,"2023-02-28",3,,,,"USD"
"Financial Analyst","IC2","North America",150000,"2023-03-07",19,,,,"USD"
,"M3","Europe",168000,"2023-04-12",0,,,,"EUR"
,,"US, US",191000,"2022-12-20",0,,,,"USD"
"Technical Project Manager","IC3","Europe",84800,"2023-04-04",42,,,,"EUR"
"Financial Analyst","IC3","North America",153500,"2023-03-28",37,,,,"USD"
"Growth Marketer","IC2","North America",121824,"2022-12-20",0,,,,"USD"
"Software Engineer (IC)","IC3","Europe",85490,"2023-05-16",63,75200,94000,112800,"EUR"
"Customer Success Manager","IC5","Europe",107000,"2023-05-31",29,,,,"EUR"
"Engineering (M)","M4","North America",267800,"2023-06-27",127,190400,238000,285600,"USD"
"Software Engineer (IC)","IC5","North America",194000,"2023-03-28",42,196000,245000,294000,"USD"
"Software Engineer","IC3","Europe",130000,"2022-02-01",0,,,,"EUR"
"Product Marketing (IC)","IC6","North America",259500,"2023-05-09",73,164800,206000,247200,"USD"
"Product Marketer","IC6","North America",206700,"2023-01-10",0,,,,"USD"
"Product Marketer","IC4","Europe",117342,"2023-05-03",54,,,,"EUR"
"Software Engineer","IC5","North America",290500,"2023-04-25",67,,,,"USD"
"Marketing General, Director","M7","North America",330000,"2023-01-18",0,,,,"USD"
"Marketing General, Director","M7","North America",320000,"2023-01-31",0,,,,"USD"
,"M6","North America",203132.33,"2022-11-29",12,,,,"USD"
"Software Engineer","IC4","Europe",104000,"2023-03-14",15,,,,"EUR"
"Account Executive","IC3","Australia",225000,"2023-01-18",0,,,,"AUD"
"Marketer, General","IC4","North America",163200,"2022-12-20",32,,,,"USD"
"Business Development Representative","IC1","North America",64400,"2022-11-29",0,39776,49720,59664,"USD"
"Business Development Representative","IC1","North America",726141.32,"2022-11-29",0,39776,49720,59664,"USD"
,"IC4","North America",173000,"2022-11-29",11,,,,"USD"
"Director, Business Systems","M6","North America",248745,"2022-09-27",0,,,,"USD"
"Account Executive","IC3","North America",108500,"2022-10-18",0,,,,"USD"
"Account Executive","IC3","North America",108500,"2022-10-18",0,,,,"USD"
,"IC3","North America",158226.2,"2022-12-13",27,,,,"USD"
"Community Relations (IC)","IC4","North America",210000,"2023-12-05",54,116800,146000,175200,"USD"
"Product Marketer","IC4","North America",184620,"2023-03-21",35,,,,"USD"
"Product Manager (IC)","IC4","North America",210000,"2023-02-22",9,176000,220000,264000,"USD"
"Product Design (IC)","IC4","Europe",122549,"2023-03-21",29,73600,92000,110400,"EUR"
"Technical Writer","IC4","Europe",97000,"2023-02-22",0,,,,"EUR"
"Security Engineer","IC4","North America",370400,"2023-04-18",57,,,,"USD"
"Marketing, Director","M6","North America",325000,"2022-10-25",0,,,,"USD"
"Marketing General, Manager","M5","North America",276312.75,"2022-10-12",0,,,,"USD"
"Marketing General, Manager","M5","North America",275000,"2022-11-08",0,,,,"USD"
"Software Engineer","IC5","North America",191000,"2023-03-28",39,,,,"USD"
"Account Executive","IC4","Europe",86175,"2022-09-07",,,,,"EUR"
"Business Development Representative","IC2","North America",52000,"2022-08-17",,,,,"USD"
"Sales Ops","IC3","Europe",141692.35,"2022-10-18",,,,,"EUR"
"Sales Ops","IC2","Europe",62590,"2022-09-07",,,,,"EUR"
"Accountant","IC4","North America",132000,"2022-09-07",,,,,"USD"
"UX Researcher","IC3","North America",169533,"2023-02-22",,,,,"USD"
"Product Manager","IC4","Europe",114633,"2022-09-27",,,,,"EUR"
"Software Engineer","IC1","North America",178313,"2023-07-11",0,,,,"USD"
"Software Engineer","IC1","North America",162740,"2023-07-25",0,,,,"USD"
"Financial Analyst","IC2","North America",83000,"2023-07-11",0,,,,"USD"
"Customer Success","IC3","Europe",160000,"2021-11-02",0,,,,"EUR"
,"IC1","North America",86000,"2022-09-20",0,,,,"USD"
"Software Engineer","IC5","Europe",131000,"2023-01-10",1,,,,"EUR"
"Business Development Representative","IC2","North America",64400,"2022-09-13",0,51541,64426,77311,"USD"
"Executive Admin","IC3","North America",149226,"2022-10-20",0,,,,"USD"
,"IC3","Europe",80000,"2023-05-03",42,,,,"EUR"
"Solutions Engineering (IC)","IC4","Europe",685230.75,"2023-07-11",19,0,129750,0,"EUR"
"Solutions Engineer","IC4","North America",229875,"2023-06-27",27,,,,"USD"
"Solutions Engineer","IC2","North America",175950,"2023-04-03",14,,,,"USD"
"Solutions Engineer","IC4","Australia",324000,"2023-07-25",126,,,,"AUD"
"AE Enterprise","IC4","Europe",13500000,"2023-09-20",57,86000,107500,129000,"EUR"
"Director, Sales","M6","North America",198000,"2023-01-31",0,,,,"USD"
"Manager, Sales","M4","North America",142500,"2023-05-01",16,,,,"USD"
"Channel Sales (IC)","IC3","North America",183600,"2023-03-21",28,94458,118072,141687,"USD"
"Business Development Representative","IC2","Europe",67826.88,"2023-01-04",0,51541,64426,77311,"EUR"
"Business Development Representative","IC2","Europe",86400,"2022-11-08",0,51541,64426,77311,"EUR"
"Business Development Representative","IC2","Europe",51100,"2023-01-31",58,51541,64426,77311,"EUR"
"Business Development Representative","IC2","Australia",108675,"2023-01-18",3,70028,87535,105042,"AUD"
"Account Executive","IC3","Europe",84000,"2022-11-15",0,,,,"EUR"
"Account Executive","IC3","Australia",89000,"2023-01-10",0,,,,"AUD"
"Account Executive","IC3","Europe",140000,"2022-12-06",0,,,,"EUR"
"Account Executive","IC3","North America",150000,"2022-12-13",0,,,,"USD"
"HR Generalist","IC3","Europe",107112,"2022-12-06",0,,,,"EUR"
"HR Generalist","IC3","North America",76735,"2022-09-20",0,,,,"USD"
"Software Engineer (IC)","IC5","Europe",88012.61,"2023-03-21",11,108800,136000,163200,"EUR"
"Software Engineer (IC)","IC5","Europe",123160.5,"2023-03-29",,108800,136000,163200,"EUR"
"Director, Engineering","M7","North America",280000,"2023-05-16",56,,,,"USD"
"Ops Assistant (IC)","IC2","North America",90000,"2026-03-03",50,58800,84000,100800,"USD"
"Business Systems Analyst","IC3","North America",119000,"2022-12-13",0,,,,"USD"
"Customer Success","IC4","North America",159000,"2023-01-24",1,,,,"USD"
"Customer Success","IC4","North America",185000,"2023-01-10",43,,,,"USD"
"Business Systems Analyst","IC4","North America",175000,"2023-02-07",86,,,,"USD"
"Account Executive","IC3","North America",88100,"2022-10-12",40,,,,"USD"
"Account Executive","IC3","Europe",100800,"2022-10-12",,,,,"EUR"
"Recruiter","IC3","North America",,"2023-02-21",2,,,,"USD"
"Recruiter","IC3","North America",190000,"2023-05-31",0,,,,"USD"
"Manager, Sales","M4","North America",216000,"2023-02-07",90,,,,"USD"
"Account Executive","IC3","Europe",120000,"2026-01-07",57,,,,"EUR"
"Account Executive","IC3","North America",150000,"2022-09-20",0,,,,"USD"
"Account Executive","IC3","North America",150000,"2022-09-27",39,,,,"USD"
"Account Executive","IC3","North America",131500,"2022-10-12",40,,,,"USD"
"Tech Account Manager","IC3","North America",118500,"2022-02-15",,,,,"USD"
"Tech Account Manager","IC3","Europe",111900,"2022-12-13",15,,,,"EUR"
"Tech Account Manager","IC3","North America",114000,"2023-10-23",0,,,,"USD"
"Account Executive","IC4","North America",142500,"2022-09-07",0,,,,"USD"
"Support Engineer","IC3","North America",134160,"2023-02-22",14,,,,"USD"
"Support Engineer","IC5","North America",172975,"2023-01-04",0,,,,"USD"
"Support Engineer","IC3","North America",122580,"2023-02-22",13,,,,"USD"
"Manager, Support Engineer","M3","North America",278191.2,"2023-02-22",0,,,,"USD"
"Business Systems Analyst","IC4","North America",135000,"2023-01-04",0,,,,"USD"
"Customer Success","IC4","Europe",196992,"2023-05-23",42,,,,"EUR"
"Customer Success","IC4","North America",176500,"2023-03-14",0,,,,"USD"
"IT Specialist","IC2","Europe",88950.58,"2023-01-04",85,,,,"EUR"
"Account Executive","IC3","Europe",114778.31,"2022-09-27",0,,,,"EUR"
"Account Executive","IC3","Europe",108000,"2022-09-07",0,,,,"EUR"
"Account Executive","IC3","North America",176728.13,"2022-08-23",0,,,,"USD"
"Software Engineer","IC5","Europe",113526,"2022-11-29",0,,,,"EUR"
"Designer","IC4","North America",219018.52,"2022-11-29",101,,,,"USD"
"Business Development Representative","IC1","North America",65000,"2022-07-12",1,,,,"USD"
"Business Development Representative","IC2","North America",64400,"2022-08-02",0,,,,"USD"
"Director, Sales","M6","North America",198550.43,"2022-09-07",0,,,,"USD"
"Software Engineer","IC3","Europe",104000,"2022-06-14",0,,,,"EUR"
"Software Engineer","IC3","EU, EU",98800,"2022-08-02",0,63000,74000,85000,"EUR"
"Software Engineer","IC3","Europe",90000,"2023-01-04",0,,,,"EUR"
"Director, IT","M6","North America",280628.7,"2022-11-08",0,,,,"USD"
"HR Manager","M4","North America",135000,"2023-03-14",13,,,,"USD"
"Recruiter","IC5","North America",237930,"2021-03-15",0,,,,"USD"
"Manager, Customer Success","M7","North America",413750,"2022-06-22",0,,,,"USD"
"Account Executive","IC4","North America",75000,"2022-08-09",0,,,,"USD"
"Manager, Sales","M3","Europe",201096,"2022-08-23",0,,,,"EUR"
"Manager, Sales","M3","North America",166554.22,"2021-09-21",0,,,,"USD"
"Business Development Representative","IC2","North America",79500,"2022-02-15",0,,,,"USD"
"Software Engineer","IC3","Europe",243575.35,"2022-06-28",0,,,,"EUR"
"Support Engineer","IC4","North America",192780,"2022-02-23",,,,,"USD"
"UX Researcher","IC4","North America",190000,"2022-03-22",0,,,,"USD"
"Customer Success","IC4","North America",194300,"2022-02-23",0,,,,"USD"
"Customer Success","IC3","North America",101500,"2022-03-08",0,,,,"USD"
"Channel Sales (IC)","IC5","North America",197064,"2024-06-25",23,129639,162048,194458,"USD"
"Director, Product Management","M6","Europe",193837,"2022-04-12",0,,,,"EUR"
,"E1","North America",400000,"2022-05-02",0,,,,"USD"
"Director, Product Management","M6","Europe",410000,"2022-03-15",0,,,,"EUR"
"Designer","IC4","Europe",120900,"2022-03-01",0,,,,"EUR"
"HR Generalist","IC3","North America",232000,"2022-03-15",0,,,,"USD"
"Product Marketer","IC4","Europe",112000,"2022-03-01",0,,,,"EUR"
"Manager, Sales","M5","North America",205600,"2022-02-03",0,,,,"USD"
,"IC5","North America",2877600,"2022-03-21",0,,,,"USD"
"Business Systems Analyst","IC3","North America",151110,"2022-02-15",0,,,,"USD"
,,"North America",322400,"2022-09-13",0,,,,"USD"
"Deal Desk","IC3","North America",215550,"2022-03-21",0,,,,"USD"
"Software Engineer","IC3","EU, EU",130000,"2026-02-24",0,63000,74000,85000,"EUR"
"Software Engineer","IC4","US, US",504776.77,"2022-04-19",0,179000,210000,242000,"USD"
"Software Engineer","IC4","EU, EU",110750,"2022-04-05",0,74000,87000,100000,"EUR"
"Software Engineer","IC4","US, US",99189,"2022-04-19",0,179000,210000,242000,"USD"
"Software Engineer","IC6","North America",236000,"2022-06-01",0,,,,"USD"
"Manager, Engineering","M3","North America",290666,"2022-04-19",0,,,,"USD"
"Manager, Engineering","M4","Europe",116667,"2023-01-31",109,,,,"EUR"
"Software Engineer (IC)","IC5","Europe",134000,"2023-02-07",132,108800,136000,163200,"EUR"
"Software Engineer","IC4","Europe",120000,"2022-06-01",0,,,,"EUR"
"Manager, Engineering","M3","Europe",80000,"2022-04-05",0,,,,"EUR"
"Software Engineer","IC4","Europe",105000,"2022-06-28",0,,,,"EUR"
"Software Engineer","IC4","Europe",479148,"2022-05-11",0,,,,"EUR"
"Software Engineer","IC4","North America",,"2022-01-25",0,,,,"USD"
"Solutions Architect","IC4","North America",195000,"2022-02-23",0,,,,"USD"
"Support Engineer","IC4","North America",100656,"2022-02-01",0,,,,"USD"
"Support Engineer","IC4","North America",186300,"2022-02-23",0,,,,"USD"
"Support Engineer","IC4","Europe",81545.25,"2022-05-03",0,,,,"EUR"
"VP, People","E1","North America",325000,"2022-06-22",0,,,,"USD"
"Lawyer","IC6","North America",369786,"2022-09-27",0,,,,"USD"
"Manager, Customer Success","M6","Europe",,"2022-03-21",0,,,,"EUR"
"Manager, Customer Success","M5","North America",176500,"2022-09-13",0,,,,"USD"
"Support Engineer","IC3","North America",204782.04,"2022-09-13",0,,,,"USD"
"Support Engineer","IC3","North America",218840.4,"2022-10-18",36,,,,"USD"
,"M5","North America",309000,"2023-01-04",0,,,,"USD"
"Product Manager","IC5","Europe",148000,"2022-04-12",0,,,,"EUR"
"Data Analyst","IC4","North America",190000,"2023-02-14",0,,,,"USD"
"Product Manager (IC)","IC5","Europe",115186.96,"2023-10-03",231,84000,105000,126000,"EUR"
"Product Manager","IC4","North America",234840,"2022-06-07",,,,,"USD"
"Product Manager","IC5","Europe",107800,"2022-10-18",0,,,,"EUR"
"Data Analyst","IC3","North America",312000,"2022-08-09",0,,,,"USD"
"Product Manager","IC4","North America",172425,"2021-10-20",0,,,,"USD"
"Software Engineer","IC3","Europe",84800,"2022-05-03",0,,,,"EUR"
"Product Manager","IC3","Europe",873757.44,"2022-05-18",,,,,"EUR"
"Product Manager","IC3","North America",140000,"2022-03-01",0,,,,"USD"
"Product Manager (IC)","IC3","Europe",106090,"2023-09-06",107,69600,87000,104400,"EUR"
"Manager, Design","M5","Europe",110440,"2021-07-07",,,,,"EUR"
"Manager, Design","M5","North America",308227.5,"2022-08-02",0,,,,"USD"
,"IC5","Europe",150000,"2023-01-31",,,,,"EUR"
"Product Manager (IC)","IC4","North America",105060,"2023-11-07",60,176000,220000,264000,"USD"
"UX Researcher","IC3","Europe",85243,"2023-01-04",0,,,,"EUR"
"Designer","IC4","Europe",92000,"2022-07-06",0,,,,"EUR"
"Technical Writer","IC4","Europe",88845.09,"2022-03-29",0,,,,"EUR"
"Technical Writer","IC3","Europe",1341000,"2025-10-21",0,,,,"EUR"
"Designer","IC5","Europe",122430,"2022-11-29",0,,,,"EUR"
"UX Researcher","IC4","Europe",94000,"2022-12-06",0,,,,"EUR"
"Technical Writer","IC3","Europe",65000,"2022-04-12",0,,,,"EUR"
"Technical Writer","IC3","North America",155645.06,"2022-04-12",,,,,"USD"
"Designer","IC4","Europe",115721,"2023-01-24",,,,,"EUR"
"Designer","IC3","Europe",80000,"2022-05-03",0,,,,"EUR"
"Designer","IC3","North America",136000,"2022-12-13",0,,,,"USD"
"Manager, Engineering","M5","United Kingdom, United Kingdom",123600,"2022-01-11",0,94000,111000,128000,"GBP"
"Software Engineer","IC3","EU, EU",138600,"2022-04-05",0,63000,74000,85000,"EUR"
"Software Engineer","IC2","EU, EU",99745,"2022-09-13",0,47000,55000,63000,"EUR"
"Software Engineer","IC2","EU, EU",660400,"2022-07-26",0,47000,55000,63000,"EUR"
"Manager, Engineering","M4","North America",230000,"2022-05-18",0,,,,"USD"
"Manager, Engineering","M3","North America",301661.25,"2022-03-22",0,,,,"USD"
"Software Engineer","IC5","North America",277000,"2022-02-23",0,,,,"USD"
"Software Engineer","IC4","North America",219037.5,"2022-07-19",22,,,,"USD"
"Software Engineer","IC3","North America",140000,"2022-04-12",0,,,,"USD"
"Software Engineer","IC3","North America",160000,"2022-04-19",0,,,,"USD"
"Software Engineer (IC)","IC3","North America",229260,"2023-04-12",65,144000,180000,216000,"USD"
"Software Engineer","IC3","North America",297544,"2022-08-02",0,,,,"USD"
"Software Engineer","IC3","North America",215525,"2022-04-26",0,,,,"USD"
"Software Engineer","IC4","North America",177855,"2022-11-15",0,,,,"USD"
"Software Engineer","IC3","Europe",104072.57,"2022-05-18",0,,,,"EUR"
"Software Engineer","IC4","North America",235351,"2022-11-01",74,,,,"USD"
"Software Engineer","IC3","North America",192102,"2022-05-03",,,,,"USD"
"Software Engineer","IC3","North America",174264,"2022-05-11",0,,,,"USD"
"Software Engineer","IC3","North America",268648.7,"2022-03-08",0,,,,"USD"
"Software Engineer","IC3","North America",217224,"2022-03-29",0,,,,"USD"
"Software Engineer","IC3","Europe",1480546,"2022-03-08",0,,,,"EUR"
"Software Engineer","IC2","North America",180000,"2022-03-22",0,,,,"USD"
"Software Engineer","IC2","North America",2790000,"2022-04-19",0,,,,"USD"
"Software Engineer","IC3","Europe",117019.5,"2022-05-18",0,,,,"EUR"
"Software Engineer","IC3","Europe",155640,"2022-03-22",0,,,,"EUR"
"Software Engineer","IC3","Europe",103222.53,"2022-01-19",0,,,,"EUR"
"Software Engineer (IC)","IC2","Europe",114084,"2023-03-14",22,64800,81000,97200,"EUR"
"Software Engineer","IC4","Europe",106500,"2022-03-29",0,,,,"EUR"
"Software Engineer","IC2","Europe",119802,"2022-07-06",0,,,,"EUR"
"Software Engineer","IC3","North America",181300,"2022-06-22",0,,,,"USD"
"Data Engineer","IC4","Europe",91814.2,"2023-01-04",92,,,,"EUR"
"Manager, Engineering","M3","Europe",142145.41,"2022-09-27",0,,,,"EUR"
"Manager, Engineering","M3","Europe",184395.75,"2022-07-06",0,,,,"EUR"
"Software Engineer","IC4","Europe",115000,"2022-03-01",0,,,,"EUR"
"Software Engineer","IC2","Europe",130416,"2022-02-15",0,,,,"EUR"
"Manager, Engineering","M4","North America",225680,"2023-04-04",46,,,,"USD"
"Software Engineer","IC3","Europe",111500,"2022-06-14",0,,,,"EUR"
"Software Engineer","IC3","North America",144000,"2022-02-23",0,,,,"USD"
"Data Engineer, BizOps","IC3","North America",191807,"2022-10-12",110,,,,"USD"
,"IC3","North America",242000,"2023-01-24",0,,,,"USD"
,"IC4","North America",220000,"2023-01-10",0,,,,"USD"
"Data Engineer, BizOps","IC3","North America",210080,"2022-06-14",0,,,,"USD"
"Project Manager","IC4","North America",191450,"2024-11-05",0,,,,"USD"
"Business Systems Analyst","IC3","North America",127500,"2022-02-15",0,,,,"USD"
"Business Systems Analyst","IC3","North America",120000,"2022-04-26",0,,,,"USD"
"Manager, Business Systems","M4","North America",311875,"2022-08-23",0,,,,"USD"
,,"Europe",0,"2025-02-03",33,,,,"EUR"
"IT Specialist","IC2","North America",136400,"2022-04-12",0,,,,"USD"
"IT Specialist","IC2","North America",77000,"2022-05-24",0,,,,"USD"
"Financial Analyst","IC4","North America",172100,"2023-02-14",1,,,,"USD"
"Financial Analyst","IC3","North America",220500,"2022-08-09",0,,,,"USD"
"Financial Analyst","IC4","North America",140000,"2022-03-08",0,,,,"USD"
,"M4","North America",160000,"2023-03-14",24,,,,"USD"
"Accounting, Manager","M4","North America",206972.2,"2023-07-11",76,,,,"USD"
"Accountant","IC4","North America",131250,"2022-03-08",0,,,,"USD"
"Recruiter","IC4","North America",160500,"2022-08-23",0,,,,"USD"
"HR Generalist","IC3","North America",198000,"2022-11-08",0,,,,"USD"
"Recruiter","IC3","North America",131000,"2022-02-15",0,,,,"USD"
"Growth Marketer","IC3","North America",150000,"2022-03-22",0,,,,"USD"
"Growth Marketer","IC4","North America",159184,"2022-05-24",0,,,,"USD"
"Product Marketer","IC3","North America",180000,"2022-03-08",0,,,,"USD"
"Growth Marketer","IC4","North America",179192,"2022-06-14",0,,,,"USD"
"Growth Marketer","IC4","North America",190000,"2022-06-22",0,,,,"USD"
"Marketing, Technical Writer II","IC3","North America",115000,"2022-03-22",0,,,,"USD"
"Video Production","IC2","North America",150000,"2022-03-29",0,,,,"USD"
"Product Marketer","IC4","North America",160000,"2022-04-05",0,,,,"USD"
"Product Marketer","IC4","North America",185000,"2022-04-12",0,,,,"USD"
,"IC4","North America",198400,"2023-02-07",0,,,,"USD"
"Marketer, Customer Success","IC5","US, US",177900,"2022-04-05",0,157250,185000,212750,"USD"
"Data Engineer, Marketing Ops","IC5","US, US",190000,"2022-06-22",0,157250,185000,212750,"USD"
"Developer Relations","IC3","Europe",79980,"2021-07-07",0,,,,"EUR"
"Developer Relations, Engineering Manager","M7","Europe",250800,"2023-01-04",0,,,,"EUR"
,"IC2","North America",170000,"2023-01-10",0,,,,"USD"
"Sales Ops","IC3","North America",105000,"2021-08-31",,,,,"USD"
"Account Executive","IC3","North America",165000,"2022-09-27",0,,,,"USD"
"Account Executive","IC4","Europe",110250,"2022-10-18",0,,,,"EUR"
"Business Development Representative","IC2","North America",98560,"2022-03-29",0,,,,"USD"
"Business Development Representative","IC2","North America",108500,"2022-04-12",0,,,,"USD"
"Business Development Representative","IC2","North America",50000,"2022-04-12",0,,,,"USD"
"Business Development Representative","IC2","North America",117940,"2022-01-11",0,,,,"USD"
"Business Development Representative","IC2","North America",57000,"2022-02-01",0,,,,"USD"
"Business Development Representative","IC2","Europe",55000,"2022-05-11",0,,,,"EUR"
"Business Development Representative","IC2","North America",64400,"2022-01-25",0,,,,"USD"
"Account Executive","IC3","North America",93000,"2021-12-21",,,,,"USD"
"Account Executive","IC3","Europe",100800,"2022-04-19",0,,,,"EUR"
"Account Executive","IC3","North America",52500,"2022-02-15",0,,,,"USD"
"Account Executive","IC3","Europe",120000,"2022-03-18",0,,,,"EUR"
"Account Executive","IC3","North America",108500,"2021-05-03",0,,,,"USD"
"Account Executive","IC3","Europe",81758.16,"2022-05-11",0,,,,"EUR"
"Technical Account Manager","IC5","North America",170721,"2022-02-08",0,,,,"USD"
"Support Engineer","IC4","Europe",113802.1,"2022-08-02",0,,,,"EUR"
"Manager, Support Engineer","M4","Europe",108008.8,"2022-08-02",0,,,,"EUR"
,,"North America",264468.75,"2023-04-12",52,,,,"USD"
"Support Engineer","IC4","Europe",405816,"2023-03-07",7,,,,"EUR"
"Support Engineer","IC4","Europe",950567.9,"2023-01-04",0,,,,"EUR"
"Customer Success","IC4","North America",178000,"2022-10-12",0,,,,"USD"
"Customer Success","IC4","Europe",145000,"2022-09-27",0,,,,"EUR"
"Customer Success","IC4","North America",250000,"2023-01-24",0,,,,"USD"
"Customer Success","IC3","North America",163500,"2022-05-03",0,,,,"USD"
"Customer Success","IC3","North America",170000,"2022-03-08",0,,,,"USD"
"Customer Success Manager","IC4","North America",107772.38,"2021-10-05",53,,,,"USD"
